{
    "CFGSettings":{
        "text":"#CFGSettings",
        "settings":{
            "HorizonMessage":{
                "text":"#hzMsg",
                "options":{
                    "team":{
                        "text":"#hzMsg_team",
                        "value":"HorizonMessage_team"
                    },
                    "all":{
                        "text":"#hzMsg_all",
                        "value":"HorizonMessage_all"
                    },
                    "console":{
                        "text":"#hzMsg_console",
                        "value":"HorizonMessage_console"
                    },
                    "off":{
                        "text":"#hzMsg_off",
                        "value":"HorizonMessage_off"
                    }
                },
                "default":"team"
            }
        }
    },
    "MotionSettings":{
        "text":"#MotionSettings",
        "settings":{
            "mvkbWS":{
                "text":"#mvkbWS",
                "options":{
                    "off":{
                        "text":"#off",
                        "value":"capMot_mvkbWS_off"
                    },
                    "socd":{
                        "text":"#socd",
                        "value":"capMot_mvkbWS_socd"
                    },
                    "null":{
                        "text":"#null",
                        "value":"capMot_mvkbWS_null"
                    }
                },
                "default":"off"
            },
            "mvkbAD":{
                "text":"#mvkbAD",
                "options":{
                    "off":{
                        "text":"#off",
                        "value":"capMot_mvkbAD_off"
                    },
                    "socd":{
                        "text":"#socd",
                        "value":"capMot_mvkbAD_socd"
                    },
                    "null":{
                        "text":"#null",
                        "value":"capMot_mvkbAD_null"
                    }
                },
                "default":"off"
            }
        }
    }
}