{
    "grenades": [
        {
            "id": "mirage_windowsmoke_fast_1",
            "name_zh_cn": "Mirage VIP瞬爆烟\\n一号位\\n\\n\\n",
            "name_en_us": "Mirage Instant Window\\nSpawn 1\\n\\n\\n",
            "map": "mirage",
            "type": "smoke",
            "priority": 1,
            "throw_command": "hzNade_wjumpthrow_L",
            "pre_throw_command": "",
            "post_throw_command": "",
            "angle": {
                "yaw": -171.717000,
                "pitch": -41.971962
            },
            "position": {
                "x": 1296.000000,
                "y": -352.000000
            }
        },
        {
            "id": "mirage_windowsmoke_fast_2",
            "name_zh_cn": "Mirage VIP瞬爆烟\\n二号位\\n\\n\\n",
            "name_en_us": "Mirage Instant Window\\nSpawn 2\\n\\n\\n",
            "map": "mirage",
            "type": "smoke",
            "priority": 1,
            "throw_command": "hzNade_wjumpthrow_forward_2frame",
            "pre_throw_command": "",
            "post_throw_command": "",
            "angle": {
                "yaw": -162.95,
                "pitch": -27.075
            },
            "position": {
                "x": 1296.000000,
                "y": 32.000000
            }
        },
        {
            "id": "mirage_windowsmoke_fast_3",
            "name_zh_cn": "Mirage VIP瞬爆烟\\n三号位\\n\\n\\n",
            "name_en_us": "Mirage Instant Window\\nSpawn 3\\n\\n\\n",
            "map": "mirage",
            "type": "smoke",
            "priority": 1,
            "throw_command": "hzNade_wjumpthrow_L",
            "pre_throw_command": "",
            "post_throw_command": "",
            "angle": {
                "yaw": -163.495102,
                "pitch": -42.422153
            },
            "position": {
                "x": 1216.000000,
                "y": -16.000000
            }
        },
        {
            "id": "mirage_windowsmoke_fast_4",
            "name_zh_cn": "Mirage VIP瞬爆烟\\n四号位\\n\\n\\n",
            "name_en_us": "Mirage Instant Window\\nSpawn 4\\n\\n\\n",
            "map": "mirage",
            "type": "smoke",
            "priority": 1,
            "throw_command": "hzNade_wjumpthrow_L",
            "pre_throw_command": "",
            "post_throw_command": "",
            "angle": {
                "yaw": -165.789886,
                "pitch": -43.996048
            },
            "position": {
                "x": 1216.000244,
                "y": -115.000008
            }
        },
        {
            "id": "mirage_windowsmoke_fast_5",
            "name_zh_cn": "Mirage VIP瞬爆烟\\n五号位\\n\\n\\n",
            "name_en_us": "Mirage Instant Window\\nSpawn 5\\n\\n\\n",
            "map": "mirage",
            "type": "smoke",
            "priority": 1,
            "throw_command": "hzNade_wjumpthrow_L",
            "pre_throw_command": "",
            "post_throw_command": "",
            "angle": {
                "yaw": -168.063843,
                "pitch": -45.045380
            },
            "position": {
                "x": 1216.000488,
                "y": -210.999954
            }
        },
        {
            "id": "mirage_a1_ct_1",
            "name_zh_cn": "Mirage A1\\nct烟\\n\\n\\n",
            "name_en_us": "Mirage A1\\nCT Smoke\\n\\n\\n",
            "map": "mirage",
            "type": "smoke",
            "priority": 1,
            "throw_command": "hzNade_jumpthrow_L",
            "pre_throw_command": "",
            "post_throw_command": "",
            "angle": {
                "yaw": -143.339996,
                "pitch":-35.067307
            },
            "position": {
                "x": 0,
                "y": 0
            }
        },
        {
            "id": "mirage_a2_molo",
            "name_zh_cn": "Mirage 二楼上下火\\n\\n\\n\\n",
            "name_en_us": "Mirage Palace\\n\\n\\n\\n",
            "map": "mirage",
            "type": "molo",
            "priority": 1,
            "throw_command": "hzNade_throw_L",
            "pre_throw_command": "",
            "post_throw_command": "",
            "angle": {
                "yaw": -71.781441,
                "pitch":-18.404875
            },
            "position": {
                "x": 0,
                "y": 0
            }
        },
        {
            "id": "ancient_blong_molo",
            "name_zh_cn": "Ancient B长包点火\\n\\n\\n\\n",
            "name_en_us": "Ancient B长包点火\\n\\n\\n\\n",
            "map": "ancient",
            "type": "molo",
            "priority": 1,
            "throw_command": "hzNade_throw_L",
            "pre_throw_command": "",
            "post_throw_command": "",
            "angle": {
                "yaw": -27.797016,
                "pitch":78.989197
            },
            "position": {
                "x": 0,
                "y": 0
            }
        }
    ]
}